City_ID,City,Country,Date,Lat,Lng,Max Temp,Humidity,Cloudiness,Wind Speed,Current Description,Rain inches (last 3 hours),Snow inches (last 3 hours)
0,Zyryanka,RU,2020-01-06 10:29:03,65.73,150.89,-16.17,89,0,2.06,clear sky,0.0,0.0
1,Saskylakh,RU,2020-01-06 10:29:03,71.97,114.09,-11.29,92,100,11.95,overcast clouds,0.0,0.0
2,Busselton,AU,2020-01-06 10:29:03,-33.64,115.35,80.01,15,2,15.35,clear sky,0.0,0.0
3,Severo-Kurilsk,RU,2020-01-06 10:29:03,50.68,156.12,22.95,96,100,5.37,light snow,0.0,0.94
4,Albany,US,2020-01-06 10:25:02,42.65,-73.75,28.4,68,90,2.93,overcast clouds,0.0,0.0
5,Tacuati,PY,2020-01-06 10:29:04,-23.46,-56.74,73.67,73,0,4.81,clear sky,0.0,0.0
6,Mahebourg,MU,2020-01-06 10:29:04,-20.41,57.7,87.8,70,75,9.17,light thunderstorm,0.0,0.0
7,Vaini,IN,2020-01-06 10:29:04,15.34,74.49,82.4,54,40,11.41,scattered clouds,0.0,0.0
8,Avigliano,IT,2020-01-06 10:29:05,40.73,15.72,46.4,33,40,17.22,scattered clouds,0.0,0.0
9,Dikson,RU,2020-01-06 10:29:05,73.51,80.55,14.41,92,100,18.45,light snow,0.0,0.56
10,Waddan,LY,2020-01-06 10:29:05,29.16,16.14,56.3,50,42,19.39,scattered clouds,0.0,0.0
11,Saint-Michel-Des-Saints,CA,2020-01-06 10:29:05,46.68,-73.92,3.97,89,93,2.86,overcast clouds,0.0,0.0
12,Ushuaia,AR,2020-01-06 10:24:56,-54.81,-68.31,44.6,81,75,5.82,shower rain,0.0,0.0
13,Vostok,RU,2020-01-06 10:29:06,46.45,135.83,0.68,92,16,1.95,few clouds,0.0,0.0
14,Cape Town,ZA,2020-01-06 10:28:26,-33.93,18.42,73.99,49,20,14.99,few clouds,0.0,0.0
15,Punta Arenas,CL,2020-01-06 10:29:06,-53.16,-70.91,46.4,81,75,8.05,light rain,0.0,0.0
16,Yellowknife,CA,2020-01-06 10:29:06,62.45,-114.38,-20.0,68,5,6.93,clear sky,0.0,0.0
17,Bethel,US,2020-01-06 10:29:07,60.79,-161.76,-16.6,75,1,9.17,clear sky,0.0,0.0
18,Amapa,HN,2020-01-06 10:29:07,15.09,-87.97,66.2,100,75,1.63,broken clouds,0.0,0.0
19,New Norfolk,AU,2020-01-06 10:29:07,-42.78,147.06,63.0,77,75,6.93,broken clouds,0.0,0.0
20,Lakes Entrance,AU,2020-01-06 10:29:07,-37.88,147.99,59.0,95,100,1.95,light rain,0.63,0.0
21,Hilo,US,2020-01-06 10:29:08,19.71,-155.08,73.4,78,1,8.05,clear sky,0.0,0.0
22,Nanortalik,GL,2020-01-06 10:29:08,60.14,-45.24,15.78,77,100,39.84,light snow,0.0,0.19
23,Barrow,AR,2020-01-06 10:29:08,-38.31,-60.23,60.01,84,100,14.14,overcast clouds,0.0,0.0
24,Bluff,AU,2020-01-06 10:29:08,-23.58,149.07,82.26,56,9,16.37,clear sky,0.0,0.0
25,Hermanus,ZA,2020-01-06 10:29:08,-34.42,19.24,73.99,66,78,3.0,broken clouds,0.0,0.0
26,Hobart,AU,2020-01-06 10:27:08,-42.88,147.33,63.0,77,75,6.93,broken clouds,0.0,0.0
27,Biasca,CH,2020-01-06 10:29:09,46.36,8.97,45.0,69,11,3.36,few clouds,0.0,0.0
28,Kodiak,US,2020-01-06 10:29:10,39.95,-94.76,26.6,85,1,3.2,clear sky,0.0,0.0
29,Pedro Juan Caballero,PY,2020-01-06 10:29:10,-22.55,-55.74,67.64,78,0,7.47,clear sky,0.0,0.0
30,Cabo San Lucas,MX,2020-01-06 10:27:28,22.89,-109.91,68.0,51,40,6.93,scattered clouds,0.0,0.0
31,Kanniyakumari,IN,2020-01-06 10:29:10,8.08,77.57,83.59,73,23,22.1,few clouds,0.0,0.0
32,Nikolskoye,RU,2020-01-06 10:29:10,59.7,30.79,30.99,86,90,13.42,overcast clouds,0.0,0.0
33,Jamestown,AU,2020-01-06 10:29:11,-33.21,138.6,73.71,53,72,8.46,broken clouds,0.0,0.0
34,Rikitea,PF,2020-01-06 10:29:11,-23.12,-134.97,76.06,75,50,14.27,scattered clouds,0.0,0.0
35,Saldanha,PT,2020-01-06 10:29:11,41.42,-6.55,36.45,84,0,0.69,clear sky,0.0,0.0
36,Chokurdakh,RU,2020-01-06 10:29:11,70.62,147.9,-17.48,99,58,2.82,broken clouds,0.0,0.0
37,Sao Filipe,CV,2020-01-06 10:29:12,14.9,-24.5,70.0,64,79,20.85,broken clouds,0.0,0.0
38,Mataura,NZ,2020-01-06 10:29:12,-46.19,168.86,51.01,92,100,18.99,light rain,2.31,0.0
39,Terrace,CA,2020-01-06 10:29:12,54.52,-128.61,30.2,92,90,2.24,light snow,0.0,0.0
40,Saint-Philippe,CA,2020-01-06 10:29:12,45.36,-73.48,17.01,84,90,4.7,overcast clouds,0.0,0.0
41,Silver City,US,2020-01-06 10:29:12,32.77,-108.28,39.0,55,75,4.7,broken clouds,0.0,0.0
42,Kapaa,US,2020-01-06 10:29:13,22.08,-159.32,77.0,78,75,19.46,broken clouds,0.0,0.0
43,Carrickfergus,GB,2020-01-06 10:29:13,54.72,-5.81,48.2,87,100,19.46,light rain,0.0,0.0
44,Atuona,PF,2020-01-06 10:29:13,-9.8,-139.03,80.65,71,72,11.63,light rain,0.5,0.0
45,Karaton,ID,2020-01-06 10:29:13,-6.34,106.1,87.01,83,40,9.17,haze,0.0,0.0
46,Bredasdorp,ZA,2020-01-06 10:29:13,-34.53,20.04,73.4,46,75,11.41,broken clouds,0.0,0.0
47,Neftcala,AZ,2020-01-06 10:29:14,39.37,49.25,48.63,73,8,6.35,clear sky,0.0,0.0
48,Beni Suef,EG,2020-01-06 10:24:37,29.07,31.1,60.76,45,0,17.52,clear sky,0.0,0.0
49,Ponta Do Sol,BR,2020-01-06 10:29:14,-20.63,-46.0,65.05,95,0,2.44,clear sky,0.0,0.0
50,Xuddur,SO,2020-01-06 10:29:14,4.12,43.89,90.27,38,0,14.32,clear sky,0.0,0.0
51,Mount Isa,AU,2020-01-06 10:29:15,-20.73,139.49,93.2,30,90,14.99,overcast clouds,0.0,0.0
52,Lincoln,GB,2020-01-06 10:29:15,53.23,-0.54,46.4,75,75,25.28,broken clouds,0.0,0.0
53,Coihaique,CL,2020-01-06 10:26:17,-45.58,-72.07,48.2,70,75,4.7,broken clouds,0.0,0.0
54,Avarua,CK,2020-01-06 10:27:08,-21.21,-159.78,78.8,94,11,1.12,few clouds,0.0,0.0
55,Alofi,NU,2020-01-06 10:29:15,-19.06,-169.92,77.0,100,32,3.36,light rain,2.38,0.0
56,Arraial Do Cabo,BR,2020-01-06 10:29:16,-22.97,-42.02,77.0,88,40,6.93,scattered clouds,0.0,0.0
57,Pinawa,CA,2020-01-06 10:29:16,50.15,-95.88,8.74,94,100,3.65,overcast clouds,0.0,0.0
58,Sola,TZ,2020-01-06 10:29:16,-3.17,33.8,75.15,67,82,5.88,moderate rain,4.81,0.0
59,Palmer,AU,2020-01-06 10:29:16,-34.85,139.16,71.01,49,0,11.41,clear sky,0.0,0.0
60,Rognan,NO,2020-01-06 10:29:16,67.1,15.4,41.0,93,75,10.29,broken clouds,0.0,0.0
61,Guarapari,BR,2020-01-06 10:27:11,-20.67,-40.5,77.0,94,40,11.41,scattered clouds,0.0,0.0
62,Yurla,RU,2020-01-06 10:29:17,59.33,54.32,19.44,90,66,7.05,broken clouds,0.0,0.0
63,Lerwick,GB,2020-01-06 10:29:17,60.15,-1.15,48.2,81,28,29.97,scattered clouds,0.0,0.0
64,Darhan,MN,2020-01-06 10:29:17,49.49,105.92,0.72,91,0,2.19,clear sky,0.0,0.0
65,Meulaboh,ID,2020-01-06 10:28:43,4.14,96.13,83.7,76,100,11.61,overcast clouds,0.0,0.0
66,Namatanai,PG,2020-01-06 10:29:18,-3.66,152.44,85.3,74,56,12.77,moderate rain,4.94,0.0
67,Puerto Ayora,EC,2020-01-06 10:29:18,-0.74,-90.35,75.0,81,21,4.0,few clouds,0.0,0.0
68,Lorengau,PG,2020-01-06 10:29:18,-2.02,147.27,84.29,75,100,11.52,moderate rain,8.38,0.0
69,Menongue,AO,2020-01-06 10:29:18,-14.66,17.68,74.57,66,100,6.15,overcast clouds,0.0,0.0
70,East London,ZA,2020-01-06 10:29:19,-33.02,27.91,77.0,69,40,9.17,scattered clouds,0.0,0.0
71,Half Moon Bay,US,2020-01-06 10:29:19,37.46,-122.43,48.99,87,1,6.69,clear sky,0.0,0.0
72,Mar Del Plata,AR,2020-01-06 10:26:18,-46.43,-67.52,52.86,45,26,7.09,scattered clouds,0.0,0.0
73,Sandpoint,US,2020-01-06 10:26:10,48.28,-116.55,33.8,96,75,8.05,broken clouds,0.0,0.0
74,Saint-Paul,FR,2020-01-06 10:29:20,45.22,1.9,48.0,65,0,9.17,clear sky,0.0,0.0
75,San Patricio,PY,2020-01-06 10:29:20,-26.98,-56.83,72.91,72,0,6.64,clear sky,0.0,0.0
76,Broken Hill,AU,2020-01-06 10:29:20,-31.97,141.45,71.6,53,100,18.34,overcast clouds,0.0,0.0
77,Manavalakurichi,IN,2020-01-06 10:29:20,8.13,77.3,87.8,70,20,8.05,few clouds,0.0,0.0
78,Port Alfred,ZA,2020-01-06 10:29:21,-33.59,26.89,75.99,82,100,3.0,light rain,0.13,0.0
79,Adrar,DZ,2020-01-06 10:29:21,27.87,-0.29,50.0,31,0,17.22,clear sky,0.0,0.0
80,Sterling,US,2020-01-06 10:29:21,39.0,-77.4,37.4,78,90,4.7,light rain,0.0,0.0
81,Yermakovskoye,RU,2020-01-06 10:29:21,53.28,92.4,14.76,84,2,3.74,clear sky,0.0,0.0
82,Khatanga,RU,2020-01-06 10:29:21,71.98,102.47,8.47,94,99,10.96,overcast clouds,0.0,0.0
83,Tromso,NO,2020-01-06 10:29:22,69.65,18.96,35.6,93,75,14.99,light intensity shower rain,0.0,0.0
84,Itarema,BR,2020-01-06 10:29:22,-2.92,-39.92,75.02,92,32,2.75,light rain,0.13,0.0
85,Carnarvon,ZA,2020-01-06 10:29:22,-30.97,22.13,83.21,15,100,12.48,overcast clouds,0.0,0.0
86,Mgandu,TZ,2020-01-06 10:29:22,-5.96,34.11,75.47,73,99,2.24,moderate rain,3.63,0.0
87,Marigot,HT,2020-01-06 10:29:22,18.23,-72.32,75.2,64,6,11.41,clear sky,0.0,0.0
88,Shahr-E Babak,IR,2020-01-06 10:29:23,30.12,55.12,44.87,49,0,0.67,clear sky,0.0,0.0
89,Port Hardy,CA,2020-01-06 10:29:23,50.7,-127.42,39.2,86,90,18.34,light intensity shower rain,0.0,0.0
90,Kondinskoye,RU,2020-01-06 10:29:23,59.65,67.41,23.22,93,100,10.18,overcast clouds,0.0,0.0
91,Tadine,NC,2020-01-06 10:29:23,-21.55,167.88,74.46,83,43,12.03,light rain,0.13,0.0
92,Shingu,JP,2020-01-06 10:29:23,33.72,135.99,50.0,53,75,12.75,broken clouds,0.0,0.0
93,Turukhansk,RU,2020-01-06 10:29:24,65.8,87.96,18.0,97,100,5.7,light snow,0.0,0.31
94,Ancud,CL,2020-01-06 10:29:24,-41.87,-73.83,48.2,93,75,3.36,broken clouds,0.0,0.0
95,Lapua,FI,2020-01-06 10:29:24,62.97,23.01,34.0,91,0,3.36,clear sky,0.0,0.0
96,Chuy,UY,2020-01-06 10:29:24,-33.69,-53.46,71.46,78,60,13.71,broken clouds,0.0,0.0
97,Thompson,CA,2020-01-06 10:29:25,55.74,-97.86,-9.4,83,20,4.7,few clouds,0.0,0.0
98,Quzhou,CN,2020-01-06 10:29:25,28.97,118.86,65.03,81,19,2.73,few clouds,0.0,0.0
99,Bambous Virieux,MU,2020-01-06 10:29:25,-20.34,57.76,87.8,70,75,9.17,light thunderstorm,0.0,0.0
100,Mascali,IT,2020-01-06 10:29:25,37.76,15.2,50.0,37,20,21.92,few clouds,0.0,0.0
101,Anadyr,RU,2020-01-06 10:29:25,64.73,177.51,-31.0,73,0,6.71,clear sky,0.0,0.0
102,Loncoche,CL,2020-01-06 10:29:26,-39.37,-72.63,50.0,100,100,2.24,light rain,0.25,0.0
103,Albion,US,2020-01-06 10:29:26,41.69,-98.0,34.0,72,90,3.36,overcast clouds,0.0,0.0
104,Eureka,US,2020-01-06 10:29:26,40.8,-124.16,39.2,86,1,6.93,clear sky,0.0,0.0
105,Hambantota,LK,2020-01-06 10:29:26,6.12,81.12,86.0,74,40,12.75,scattered clouds,0.0,0.0
106,Bahia Blanca,AR,2020-01-06 10:25:33,-38.72,-62.27,59.32,69,4,12.01,clear sky,0.0,0.0
107,Azuaga,ES,2020-01-06 10:29:27,38.26,-5.68,43.0,89,0,1.99,clear sky,0.0,0.0
108,Sitka,US,2020-01-06 10:29:27,37.17,-99.65,27.0,68,66,7.29,broken clouds,0.0,0.0
109,Camopi,GF,2020-01-06 10:29:27,3.17,-52.33,68.31,99,58,1.68,broken clouds,0.0,0.0
110,Lebedinyy,RU,2020-01-06 10:29:28,58.52,125.52,11.34,93,100,16.46,light snow,0.0,0.81
111,The Valley,AI,2020-01-06 10:29:28,18.22,-63.06,77.0,78,20,5.82,shower rain,0.0,0.0
112,Atar,MR,2020-01-06 10:29:28,20.52,-13.05,57.2,20,35,2.24,scattered clouds,0.0,0.0
113,Castro,CL,2020-01-06 10:29:28,-42.48,-73.76,48.2,93,75,3.36,broken clouds,0.0,0.0
114,Waipawa,NZ,2020-01-06 10:29:28,-39.94,176.59,54.0,73,0,10.0,clear sky,0.0,0.0
115,Airai,TL,2020-01-06 10:29:29,-8.93,125.41,74.91,70,100,2.75,overcast clouds,0.0,0.0
116,Hithadhoo,MV,2020-01-06 10:29:29,-0.6,73.08,83.97,75,100,13.35,light rain,2.56,0.0
117,Jinka,ET,2020-01-06 10:29:29,5.79,36.57,79.95,63,10,1.01,light rain,1.81,0.0
118,Ende,ID,2020-01-06 10:29:29,-8.84,121.65,84.94,72,59,8.63,light rain,0.69,0.0
119,Nouadhibou,MR,2020-01-06 10:29:29,20.93,-17.03,62.6,45,89,18.34,overcast clouds,0.0,0.0
120,Mandera,ET,2020-01-06 10:29:30,3.94,41.86,93.79,36,1,7.43,clear sky,0.0,0.0
121,Tuktoyaktuk,CA,2020-01-06 10:29:30,69.44,-133.03,-20.97,99,37,4.29,scattered clouds,0.0,0.0
122,Swan Hill,AU,2020-01-06 10:29:30,-35.34,143.56,72.0,74,0,1.99,clear sky,0.0,0.0
123,Lafiagi,NG,2020-01-06 10:29:31,8.85,5.42,89.37,14,42,1.41,scattered clouds,0.0,0.0
124,Luganville,VU,2020-01-06 10:29:31,-15.51,167.18,80.6,88,75,8.05,broken clouds,0.0,0.0
125,Puerto Del Rosario,ES,2020-01-06 10:29:31,28.5,-13.86,66.2,63,20,16.11,few clouds,0.0,0.0
126,Kruisfontein,ZA,2020-01-06 10:29:31,-34.0,24.73,69.12,76,100,7.78,light rain,0.13,0.0
127,Maragogi,BR,2020-01-06 10:29:31,-9.01,-35.22,79.72,79,92,11.72,light rain,0.25,0.0
128,Constitucion,MX,2020-01-06 10:29:32,23.99,-104.67,39.99,50,100,7.0,overcast clouds,0.0,0.0
129,Tasiilaq,GL,2020-01-06 10:29:32,65.61,-37.64,18.93,91,100,28.57,light snow,0.0,1.5
130,Sao Gabriel Da Cachoeira,BR,2020-01-06 10:29:32,-0.13,-67.09,72.57,92,0,2.19,clear sky,0.0,0.0
131,Honiara,SB,2020-01-06 10:24:36,-9.43,159.96,80.6,94,75,5.82,broken clouds,0.0,0.0
132,Ucluelet,CA,2020-01-06 10:29:33,48.94,-125.55,39.99,92,100,1.99,light rain,0.0,0.0
133,Liverpool,GB,2020-01-06 10:29:33,53.41,-2.98,50.0,81,75,14.99,broken clouds,0.0,0.0
134,Bandarbeyla,SO,2020-01-06 10:29:33,9.49,50.81,80.19,74,13,7.47,few clouds,0.0,0.0
135,Calama,CL,2020-01-06 10:29:33,-22.46,-68.93,41.0,86,30,13.87,scattered clouds,0.0,0.0
136,Necochea,AR,2020-01-06 10:29:34,-38.55,-58.74,62.26,86,100,11.97,light rain,0.63,0.0
137,Torbay,CA,2020-01-06 10:29:34,47.66,-52.73,30.0,92,90,34.45,snow,0.0,0.0
138,Hailey,US,2020-01-06 10:29:34,43.52,-114.32,15.8,85,1,10.29,clear sky,0.0,0.0
139,Butaritari,KI,2020-01-06 10:29:34,3.07,172.79,85.68,80,100,20.11,moderate rain,3.44,0.0
140,Deputatskiy,RU,2020-01-06 10:29:34,69.3,139.9,-17.07,73,29,0.51,scattered clouds,0.0,0.0
141,Tazovskiy,RU,2020-01-06 10:29:35,67.47,78.7,6.71,88,0,14.67,clear sky,0.0,0.0
142,Port Elizabeth,US,2020-01-06 10:29:35,39.31,-74.98,37.99,64,90,5.26,overcast clouds,0.0,0.0
143,Broome,GB,2020-01-06 10:29:35,52.47,1.45,45.0,75,75,16.11,broken clouds,0.0,0.0
144,Luderitz,NA,2020-01-06 10:29:36,-26.65,15.16,78.8,50,88,10.29,overcast clouds,0.0,0.0
145,Comodoro Rivadavia,AR,2020-01-06 10:29:36,-45.87,-67.48,57.2,62,76,4.7,broken clouds,0.0,0.0
146,Sortavala,RU,2020-01-06 10:29:36,61.7,30.69,31.51,89,99,19.15,light snow,0.0,0.19
147,Acapulco,MX,2020-01-06 10:29:36,16.86,-99.88,77.0,94,20,4.7,few clouds,0.0,0.0
148,Santa Rosa,AR,2020-01-06 10:29:37,-36.62,-64.29,60.82,38,0,19.44,clear sky,0.0,0.0
149,Moyale,ET,2020-01-06 10:29:37,3.52,39.05,85.08,43,24,8.84,few clouds,0.0,0.0
150,Poronaysk,RU,2020-01-06 10:29:37,49.22,143.1,22.51,77,0,9.46,clear sky,0.0,0.0
151,Saint-Denis,FR,2020-01-06 10:25:26,48.94,2.36,39.99,86,0,9.17,clear sky,0.0,0.0
152,Lompoc,US,2020-01-06 10:28:23,34.64,-120.46,55.4,50,1,24.45,clear sky,0.0,0.0
153,Saint-Augustin,CA,2020-01-06 10:29:38,45.63,-73.98,17.01,85,75,8.05,broken clouds,0.0,0.0
154,Bar Harbor,US,2020-01-06 10:26:42,44.39,-68.2,19.0,85,1,3.36,clear sky,0.0,0.0
155,Viedma,AR,2020-01-06 10:29:38,-40.81,-62.99,58.87,62,8,14.34,clear sky,0.0,0.0
156,Hami,CN,2020-01-06 10:29:39,42.84,93.51,27.72,41,100,0.65,overcast clouds,0.0,0.0
157,Port Hedland,AU,2020-01-06 10:29:39,-20.31,118.58,95.0,34,88,21.92,overcast clouds,0.0,0.0
158,Raudeberg,NO,2020-01-06 10:29:39,61.99,5.14,51.01,93,75,21.92,shower rain,0.0,0.0
159,Svetlogorsk,RU,2020-01-06 10:29:39,53.14,59.15,28.4,86,90,4.47,overcast clouds,0.0,0.0
160,Bathsheba,BB,2020-01-06 10:29:40,13.22,-59.52,78.8,74,40,17.22,shower rain,0.0,0.0
161,Key Largo,US,2020-01-06 10:29:40,25.09,-80.45,60.01,66,1,9.17,clear sky,0.0,0.0
162,Kudahuvadhoo,MV,2020-01-06 10:29:40,2.67,72.89,82.63,79,35,12.84,light rain,0.13,0.0
163,Ciudad Bolivar,VE,2020-01-06 10:29:40,8.12,-63.55,71.94,86,12,7.85,few clouds,0.0,0.0
164,Alamogordo,US,2020-01-06 10:29:40,32.9,-105.96,39.0,73,1,4.7,clear sky,0.0,0.0
165,Suba,CN,2020-01-06 10:29:41,28.73,103.51,37.31,93,100,0.54,snow,0.0,1.94
166,Grand Gaube,MU,2020-01-06 10:29:41,-20.01,57.66,87.8,70,75,9.17,light thunderstorm,0.0,0.0
167,Parrita,CR,2020-01-06 10:29:41,9.52,-84.33,71.6,60,20,19.46,few clouds,0.0,0.0
168,Puerto Madryn,AR,2020-01-06 10:28:40,-42.77,-65.04,57.6,42,5,17.9,clear sky,0.0,0.0
169,Alta Floresta,BR,2020-01-06 10:29:41,-9.87,-56.08,68.2,99,100,2.13,overcast clouds,0.0,0.0
170,Tigil,RU,2020-01-06 10:29:42,57.8,158.67,5.83,72,0,4.18,clear sky,0.0,0.0
171,Cidreira,BR,2020-01-06 10:29:42,-30.17,-50.22,74.37,84,0,17.96,clear sky,0.0,0.0
172,Sao Joao Da Barra,BR,2020-01-06 10:29:42,-21.64,-41.05,80.6,88,100,2.24,overcast clouds,0.0,0.0
173,Neepawa,CA,2020-01-06 10:29:42,50.23,-99.46,3.2,77,5,4.7,clear sky,0.0,0.0
174,Monaco-Ville,FR,2020-01-06 10:29:42,43.73,7.42,57.2,53,20,11.41,few clouds,0.0,0.0
175,Sinnamary,GF,2020-01-06 10:29:43,5.38,-52.96,78.85,81,100,12.71,light rain,0.13,0.0
176,Belyy Yar,RU,2020-01-06 10:29:43,53.6,91.39,17.6,72,2,2.24,clear sky,0.0,0.0
177,Sheltozero,RU,2020-01-06 10:29:43,61.37,35.37,26.74,78,100,18.57,overcast clouds,0.0,0.0
178,Biala Podlaska,PL,2020-01-06 10:29:44,52.03,23.12,30.2,86,98,11.18,mist,0.0,0.0
179,Belmonte,PT,2020-01-06 10:29:44,40.36,-7.35,48.99,64,0,0.13,clear sky,0.0,0.0
180,Yaan,NG,2020-01-06 10:29:44,7.38,8.57,85.14,18,42,9.55,scattered clouds,0.0,0.0
181,Riberalta,BO,2020-01-06 10:29:44,-11.0,-66.08,75.2,100,75,2.89,broken clouds,0.0,0.0
182,Inhambane,MZ,2020-01-06 10:29:45,-23.87,35.38,91.4,59,75,4.7,broken clouds,0.0,0.0
183,Sur,OM,2020-01-06 10:29:45,22.57,59.53,79.16,44,0,1.97,clear sky,0.0,0.0
184,Ardmore,US,2020-01-06 10:29:45,34.99,-86.85,39.0,97,1,4.09,clear sky,0.0,0.0
185,Cape Canaveral,US,2020-01-06 10:29:45,28.41,-80.6,48.0,93,1,3.36,clear sky,0.0,0.0
186,Roald,NO,2020-01-06 10:29:45,62.58,6.12,51.01,76,75,11.41,light intensity drizzle,0.0,0.0
187,Upernavik,GL,2020-01-06 10:29:46,72.79,-56.15,-22.68,100,100,14.81,light snow,0.0,0.13
188,Collie,AU,2020-01-06 10:29:46,-33.36,116.15,80.01,15,1,8.19,clear sky,0.0,0.0
189,Pierre,US,2020-01-06 10:29:46,44.37,-100.35,28.0,85,90,8.39,overcast clouds,0.0,0.0
190,Anori,BR,2020-01-06 10:29:47,-3.74,-61.66,74.97,79,98,1.95,overcast clouds,0.0,0.0
191,Waupun,US,2020-01-06 10:29:47,43.63,-88.73,28.4,73,1,4.7,clear sky,0.0,0.0
192,Naco,MX,2020-01-06 10:29:47,31.32,-109.94,45.0,80,1,3.36,clear sky,0.0,0.0
193,Bisert,RU,2020-01-06 10:29:47,56.85,59.05,22.55,92,100,7.54,light snow,0.0,0.13
194,Lithgow,AU,2020-01-06 10:29:48,-33.48,150.16,70.0,100,90,4.7,overcast clouds,0.0,0.0
195,Kawalu,ID,2020-01-06 10:29:48,-7.38,108.21,76.62,82,100,6.42,moderate rain,4.75,0.0
196,Pakala,GM,2020-01-06 10:29:48,13.62,-15.52,66.54,16,0,13.29,clear sky,0.0,0.0
197,Pachino,IT,2020-01-06 10:29:48,36.72,15.09,48.2,42,0,6.93,clear sky,0.0,0.0
198,Talnakh,RU,2020-01-06 10:29:49,69.49,88.39,14.0,85,75,24.61,light snow,0.0,0.0
199,Letnyaya Stavka,RU,2020-01-06 10:29:49,45.43,43.44,38.08,82,100,10.49,overcast clouds,0.0,0.0
200,Karmala,IN,2020-01-06 10:29:49,18.41,75.19,80.2,48,62,13.13,broken clouds,0.0,0.0
201,Richards Bay,ZA,2020-01-06 10:29:50,-28.77,32.06,78.94,85,63,2.98,broken clouds,0.0,0.0
202,Bogatoye,RU,2020-01-06 10:29:50,53.06,51.33,29.08,96,100,1.34,light snow,0.0,0.13
203,Kuloy,RU,2020-01-06 10:29:50,61.03,42.49,15.78,89,38,5.57,scattered clouds,0.0,0.0
204,Provideniya,RU,2020-01-06 10:29:50,64.42,-173.23,-10.57,75,54,5.66,broken clouds,0.0,0.0
205,Chalmette,US,2020-01-06 10:29:51,29.94,-89.96,51.8,100,1,4.9,mist,0.0,0.0
206,Xiongzhou,CN,2020-01-06 10:29:51,32.34,118.83,54.0,93,90,2.24,mist,0.0,0.0
207,Williston,US,2020-01-06 10:29:15,48.15,-103.62,23.0,85,1,8.05,clear sky,0.0,0.0
208,Asyut,EG,2020-01-06 10:29:51,27.18,31.19,60.8,44,0,16.11,clear sky,0.0,0.0
209,Pevek,RU,2020-01-06 10:29:52,69.7,170.27,-8.73,81,0,3.89,clear sky,0.0,0.0
210,Bonthe,SL,2020-01-06 10:29:52,7.53,-12.5,75.83,71,4,5.44,clear sky,0.0,0.0
211,Saint-Joseph,FR,2020-01-06 10:29:52,43.56,6.97,57.99,71,0,3.36,clear sky,0.0,0.0
212,Byron Bay,AU,2020-01-06 10:29:52,-28.65,153.62,78.01,83,66,5.82,broken clouds,0.0,0.0
213,Lebu,ET,2020-01-06 10:29:52,8.96,38.73,71.6,43,40,10.29,scattered clouds,0.0,0.0
214,Antsohihy,MG,2020-01-06 10:29:53,-14.88,47.99,84.85,75,98,4.38,overcast clouds,0.0,0.0
215,Tiksi,RU,2020-01-06 10:29:53,71.64,128.87,-10.32,85,0,13.42,clear sky,0.0,0.0
216,Korem,ET,2020-01-06 10:29:53,12.51,39.52,60.64,83,89,7.09,light rain,1.38,0.0
217,La Ronge,CA,2020-01-06 10:29:53,55.1,-105.3,6.8,77,90,4.16,overcast clouds,0.0,0.0
218,Juneau,US,2020-01-06 10:29:54,58.3,-134.42,28.4,74,75,20.8,broken clouds,0.0,0.0
219,Ivnya,RU,2020-01-06 10:29:54,51.06,36.14,30.2,80,0,6.71,clear sky,0.0,0.0
220,Denpasar,ID,2020-01-06 10:29:54,-8.65,115.22,84.2,83,40,10.29,scattered clouds,0.0,0.0
221,Arlit,NE,2020-01-06 10:29:54,18.74,7.39,65.75,18,0,9.06,clear sky,0.0,0.0
222,Gunjur,GM,2020-01-06 10:29:55,13.18,-16.76,69.8,30,0,16.11,haze,0.0,0.0
223,Chapais,CA,2020-01-06 10:29:55,49.78,-74.86,3.2,91,90,6.93,overcast clouds,0.0,0.0
224,Lasa,CY,2020-01-06 10:29:55,34.92,32.53,62.6,67,75,21.92,thunderstorm with light rain,0.0,0.0
225,Edendale,ZA,2020-01-06 10:29:55,-29.65,30.31,84.0,80,30,1.99,scattered clouds,0.0,0.0
226,Longyearbyen,NO,2020-01-06 10:29:56,78.22,15.63,6.8,55,20,10.29,few clouds,0.0,0.0
227,Katobu,ID,2020-01-06 10:29:56,-4.94,122.53,81.59,78,100,2.71,overcast clouds,0.0,0.0
228,Port Lincoln,AU,2020-01-06 10:29:56,-34.72,135.86,64.96,66,0,16.33,clear sky,0.0,0.0
229,Klaksvik,FO,2020-01-06 10:29:56,62.23,-6.59,46.4,100,100,32.21,light rain,0.0,0.0
230,Margate,AU,2020-01-06 10:29:56,-43.03,147.26,63.0,77,75,6.93,broken clouds,0.0,0.0
231,Ust-Kuyga,RU,2020-01-06 10:29:57,70.0,135.55,-26.03,89,0,7.99,clear sky,0.0,0.0
232,Lazarev,RU,2020-01-06 10:29:57,52.23,141.51,13.41,90,100,6.26,overcast clouds,0.0,0.0
233,Boshnyakovo,RU,2020-01-06 10:29:57,49.65,142.17,18.12,89,100,25.03,light snow,0.0,0.13
234,Rathdrum,IE,2020-01-06 10:29:57,52.93,-6.23,51.01,93,75,16.11,light rain,0.0,0.0
235,Fairbanks,US,2020-01-06 10:28:02,64.84,-147.72,-20.0,74,90,1.66,light snow,0.0,0.0
236,Sorland,NO,2020-01-06 10:29:58,67.67,12.69,39.2,80,20,5.82,few clouds,0.0,0.0
237,Vila Do Maio,CV,2020-01-06 10:29:58,15.13,-23.22,75.2,53,62,24.16,haze,0.0,0.0
238,Ozieri,IT,2020-01-06 10:29:58,40.59,9.0,57.2,76,0,2.24,clear sky,0.0,0.0
239,Atbasar,KZ,2020-01-06 10:29:58,51.81,68.36,25.52,91,100,4.83,overcast clouds,0.0,0.0
240,Palmas Bellas,PA,2020-01-06 10:29:59,9.23,-80.09,77.0,88,100,5.82,overcast clouds,0.0,0.0
241,Leningradskiy,RU,2020-01-06 10:29:59,69.38,178.42,-7.74,70,0,6.35,clear sky,0.0,0.0
242,Rawson,AR,2020-01-06 10:29:59,-43.3,-65.11,58.55,72,27,25.01,scattered clouds,0.0,0.0
243,Tuatapere,NZ,2020-01-06 10:29:59,-46.13,167.69,51.01,92,100,18.99,light rain,1.19,0.0
244,Lavrentiya,RU,2020-01-06 10:29:59,65.58,-170.99,-11.11,82,7,2.93,clear sky,0.0,0.0
245,Lagoa,PT,2020-01-06 10:30:00,37.14,-8.45,57.0,76,0,5.82,clear sky,0.0,0.0
246,Mizdah,LY,2020-01-06 10:30:00,31.45,12.98,48.85,49,0,20.02,clear sky,0.0,0.0
247,Los Llanos De Aridane,ES,2020-01-06 10:30:00,28.66,-17.92,60.8,93,75,6.93,broken clouds,0.0,0.0
248,Kutulik,RU,2020-01-06 10:30:01,53.35,102.79,11.89,80,93,4.54,overcast clouds,0.0,0.0
249,Mahibadhoo,MV,2020-01-06 10:30:01,3.78,72.97,82.42,78,72,13.11,broken clouds,0.0,0.0
250,Naze,NG,2020-01-06 10:30:01,5.43,7.07,84.2,37,87,8.05,haze,0.0,0.0
251,Along,IN,2020-01-06 10:30:01,28.17,94.8,48.49,94,19,1.07,few clouds,0.0,0.0
252,Schneverdingen,DE,2020-01-06 10:30:02,53.12,9.79,43.0,93,90,6.93,mist,0.0,0.0
253,Katsuura,JP,2020-01-06 10:30:02,33.93,134.5,46.4,61,75,4.7,broken clouds,0.0,0.0
254,Omsukchan,RU,2020-01-06 10:30:03,62.53,155.8,-9.11,62,99,0.63,overcast clouds,0.0,0.0
255,La Union,GT,2020-01-06 10:30:03,14.97,-89.29,54.34,93,30,1.36,scattered clouds,0.0,0.0
256,Port Lavaca,US,2020-01-06 10:30:04,28.61,-96.63,59.0,100,90,8.05,fog,0.0,0.0
257,Eslov,SE,2020-01-06 10:30:04,55.84,13.3,44.6,100,100,11.41,mist,0.0,0.0
258,San Cristobal,HN,2020-01-06 10:30:05,14.68,-86.92,57.92,91,97,3.36,overcast clouds,0.0,0.0
259,Souillac,FR,2020-01-06 10:30:06,45.6,-0.6,41.0,80,0,4.7,clear sky,0.0,0.0
260,Westport,US,2020-01-06 10:30:06,41.14,-73.36,34.0,92,75,11.1,broken clouds,0.0,0.0
261,Sajkas,RS,2020-01-06 10:30:06,45.27,20.09,32.0,52,0,11.41,clear sky,0.0,0.0
262,Tessalit,ML,2020-01-06 10:30:07,20.2,1.01,71.6,11,0,11.1,clear sky,0.0,0.0
263,Kamaishi,JP,2020-01-06 10:30:07,39.28,141.86,35.6,55,20,10.29,few clouds,0.0,0.0
264,Flinders,AU,2020-01-06 10:30:07,-34.58,150.85,70.0,100,90,12.21,overcast clouds,0.0,0.0
265,Buala,SB,2020-01-06 10:30:08,-8.15,159.59,80.83,83,30,5.75,light rain,0.75,0.0
266,Tiarei,PF,2020-01-06 10:30:08,-17.53,-149.33,78.8,78,40,4.7,scattered clouds,0.0,0.0
267,Pisco,PE,2020-01-06 10:30:08,-13.71,-76.2,68.0,88,90,5.82,overcast clouds,0.0,0.0
268,Nivala,FI,2020-01-06 10:30:09,63.93,24.96,32.0,95,35,3.0,scattered clouds,0.0,0.0
269,Grand Forks,US,2020-01-06 10:30:09,47.91,-97.06,19.4,92,1,6.02,clear sky,0.0,0.0
270,Dalbandin,PK,2020-01-06 10:30:09,28.9,64.41,54.09,81,100,2.53,light rain,0.31,0.0
271,Grindavik,IS,2020-01-06 10:30:09,63.84,-22.43,35.6,100,90,17.22,overcast clouds,0.0,0.0
272,Bulgan,MN,2020-01-06 10:30:10,48.81,103.53,-0.85,84,0,4.79,clear sky,0.0,0.0
273,Cervo,BR,2020-01-06 10:30:10,-22.19,-46.24,71.38,83,7,5.95,light rain,0.13,0.0
274,Shevchenkove,UA,2020-01-06 10:30:10,49.7,37.18,33.8,80,75,11.18,broken clouds,0.0,0.0
275,Huarmey,PE,2020-01-06 10:30:10,-10.07,-78.15,69.64,75,81,0.69,broken clouds,0.0,0.0
276,Paltinis,RO,2020-01-06 10:30:10,48.22,26.65,30.99,79,75,13.87,broken clouds,0.0,0.0
277,Sisophon,KH,2020-01-06 10:30:11,13.59,102.97,79.74,45,11,3.09,few clouds,0.0,0.0
278,San Quintin,PH,2020-01-06 10:30:11,17.54,120.52,71.06,85,20,3.18,few clouds,0.0,0.0
279,Miyako,JP,2020-01-06 10:30:11,33.63,130.94,52.0,76,75,8.05,light rain,0.0,0.0
280,Codrington,AU,2020-01-06 10:30:11,-28.95,153.24,77.0,69,2,13.87,clear sky,0.0,0.0
281,Iqaluit,CA,2020-01-06 10:30:12,63.75,-68.52,-16.6,62,90,13.87,light snow,0.0,0.0
282,Miles City,US,2020-01-06 10:30:12,46.41,-105.84,30.99,62,1,3.36,clear sky,0.0,0.0
283,Blackwater,GB,2020-01-06 10:30:12,51.33,-0.78,46.4,70,99,12.75,overcast clouds,0.0,0.0
284,Bitung,ID,2020-01-06 10:30:12,1.44,125.19,80.6,78,20,2.24,few clouds,0.0,0.0
285,Camocim,BR,2020-01-06 10:30:13,-2.9,-40.84,84.76,63,70,6.38,broken clouds,0.0,0.0
286,Le Port,FR,2020-01-06 10:30:13,42.87,1.37,46.99,69,0,3.36,clear sky,0.0,0.0
287,Coos Bay,US,2020-01-06 10:30:13,43.37,-124.22,48.99,87,90,9.17,light rain,0.0,0.0
288,Namibe,AO,2020-01-06 10:30:13,-15.19,12.15,78.8,74,75,9.04,broken clouds,0.0,0.0
289,Hasaki,JP,2020-01-06 10:30:13,35.73,140.83,41.0,74,75,2.24,broken clouds,0.0,0.0
290,Samarai,PG,2020-01-06 10:30:14,-10.62,150.67,78.93,88,100,2.8,light rain,0.87,0.0
291,Ribeira Grande,PT,2020-01-06 10:30:14,38.52,-28.7,62.6,93,40,12.75,scattered clouds,0.0,0.0
292,Natal,BR,2020-01-06 10:30:14,-5.81,-35.21,77.0,88,75,4.7,shower rain,0.0,0.0
293,Jitra,MY,2020-01-06 10:26:23,6.27,100.42,89.6,59,20,8.05,few clouds,0.0,0.0
294,Terrace Bay,CA,2020-01-06 10:30:14,48.78,-87.1,6.62,88,70,9.13,broken clouds,0.0,0.0
295,Ati,TD,2020-01-06 10:30:15,13.21,18.34,88.68,14,36,2.04,scattered clouds,0.0,0.0
296,Muriwai Beach,NZ,2020-01-06 10:30:15,-36.82,174.45,61.0,59,50,28.86,scattered clouds,0.0,0.0
297,Tamandare,BR,2020-01-06 10:30:15,-8.28,-70.75,74.82,73,16,3.94,few clouds,0.0,0.0
298,Pouembout,NC,2020-01-06 10:30:15,-21.12,164.9,70.11,90,21,3.8,few clouds,0.0,0.0
299,Sande,NO,2020-01-06 10:30:16,59.59,10.21,44.01,87,20,11.41,few clouds,0.0,0.0
300,Ambon,FR,2020-01-06 10:30:16,47.55,-2.56,50.0,93,90,8.05,overcast clouds,0.0,0.0
301,Tuy Hoa,VN,2020-01-06 10:30:16,13.08,109.3,76.08,87,68,13.15,light rain,0.31,0.0
302,Cherskiy,RU,2020-01-06 10:30:16,68.75,161.3,-13.97,65,0,4.0,clear sky,0.0,0.0
303,Yulara,AU,2020-01-06 10:30:17,-25.24,130.99,87.8,35,99,11.41,overcast clouds,0.0,0.0
304,Leh,IN,2020-01-06 10:30:17,34.16,77.58,12.85,86,100,1.9,light snow,0.0,0.25
305,Georgetown,GY,2020-01-06 10:30:17,6.8,-58.16,71.6,94,40,8.37,scattered clouds,0.0,0.0
306,Griffith,AU,2020-01-06 10:30:18,-34.29,146.06,77.0,53,100,9.17,overcast clouds,0.0,0.0
307,Brae,GB,2020-01-06 10:30:18,60.4,-1.35,48.2,81,20,31.09,few clouds,0.0,0.0
308,Baixa Grande,BR,2020-01-06 10:30:18,-11.96,-40.17,78.73,78,94,4.83,light rain,0.13,0.0
309,Bashtanka,UA,2020-01-06 10:30:19,47.4,32.45,37.4,71,100,11.18,overcast clouds,0.0,0.0
310,Geraldton,CA,2020-01-06 10:30:19,49.72,-86.95,14.0,78,90,12.75,light snow,0.0,0.0
311,Cajnice,BA,2020-01-06 10:30:19,43.56,19.07,30.2,85,40,5.82,scattered clouds,0.0,0.0
312,Raymondville,US,2020-01-06 10:30:19,37.34,-91.83,33.8,64,1,3.36,clear sky,0.0,0.0
313,Husavik,CA,2020-01-06 10:30:19,50.56,-96.99,7.0,93,94,7.09,overcast clouds,0.0,0.0
314,Portland,US,2020-01-06 10:30:20,43.66,-70.25,19.99,72,1,4.32,clear sky,0.0,0.0
315,Gondanglegi,ID,2020-01-06 10:30:20,-7.75,112.01,76.37,92,100,4.85,moderate rain,3.19,0.0
316,Qaanaaq,GL,2020-01-06 10:30:20,77.48,-69.36,-15.92,57,100,3.91,overcast clouds,0.0,0.0
317,Ventspils,LV,2020-01-06 10:30:20,57.39,21.56,42.8,100,90,10.29,mist,0.0,0.0
318,Caraballeda,VE,2020-01-06 10:30:21,10.61,-66.85,80.6,74,20,3.36,few clouds,0.0,0.0
319,Pogar,RU,2020-01-06 10:30:21,52.55,33.26,29.23,73,0,4.5,clear sky,0.0,0.0
320,Ostrovnoy,RU,2020-01-06 10:30:21,68.05,39.51,16.47,93,86,14.79,overcast clouds,0.0,0.0
321,Campos Do Jordao,BR,2020-01-06 10:30:22,-22.74,-45.59,69.8,88,75,3.36,broken clouds,0.0,0.0
322,Kahului,US,2020-01-06 10:26:06,20.89,-156.47,75.2,69,1,16.11,clear sky,0.0,0.0
323,Saint George,GR,2020-01-06 10:30:22,39.45,22.34,46.4,42,40,13.87,scattered clouds,0.0,0.0
324,Riyadh,SA,2020-01-06 10:26:05,24.63,46.72,59.0,58,20,8.05,few clouds,0.0,0.0
325,Kaitangata,NZ,2020-01-06 10:30:23,-46.28,169.85,51.01,83,80,23.0,light rain,0.81,0.0
326,Dakar,SN,2020-01-06 10:26:29,14.69,-17.45,71.6,35,27,18.34,dust,0.0,0.0
327,Mount Gambier,AU,2020-01-06 10:30:23,-37.83,140.78,59.0,72,0,13.87,clear sky,0.0,0.0
328,Yar-Sale,RU,2020-01-06 10:30:23,66.83,70.83,7.48,87,0,16.2,clear sky,0.0,0.0
329,Pacific Grove,US,2020-01-06 10:30:23,36.62,-121.92,48.99,81,1,4.7,clear sky,0.0,0.0
330,Hetauda,NP,2020-01-06 10:30:24,27.43,85.03,57.2,50,75,5.82,broken clouds,0.0,0.0
331,Kaeo,NZ,2020-01-06 10:30:24,-35.1,173.78,60.01,89,40,15.5,scattered clouds,0.0,0.0
332,Sechura,PE,2020-01-06 10:30:24,-5.56,-80.82,70.59,89,0,6.38,clear sky,0.0,0.0
333,Jalu,LY,2020-01-06 10:30:24,29.03,21.55,53.29,69,68,18.79,light rain,0.75,0.0
334,Okha,RU,2020-01-06 10:30:25,53.59,142.95,9.48,95,96,11.77,overcast clouds,0.0,0.0
335,Ulaangom,MN,2020-01-06 10:30:25,49.98,92.07,-12.15,95,79,2.8,broken clouds,0.0,0.0
336,Charters Towers,AU,2020-01-06 10:30:25,-20.07,146.27,75.11,81,15,16.62,few clouds,0.0,0.0
337,Yessentukskaya,RU,2020-01-06 10:30:25,44.02,42.87,30.2,92,75,8.95,broken clouds,0.0,0.0
338,Hunchun,CN,2020-01-06 10:30:26,42.86,130.36,21.49,66,100,0.6,overcast clouds,0.0,0.0
339,Ahipara,NZ,2020-01-06 10:30:26,-35.17,173.16,57.99,89,46,22.53,scattered clouds,0.0,0.0
340,Tvoroyri,FO,2020-01-06 10:30:26,61.56,-6.81,46.4,100,100,32.21,light rain,0.0,0.0
341,Ilulissat,GL,2020-01-06 10:27:50,69.22,-51.1,1.4,84,75,23.04,light snow,0.0,0.0
342,Posse,BR,2020-01-06 10:30:26,-14.08,-46.36,75.67,79,86,6.31,overcast clouds,0.0,0.0
343,Komsomolskiy,RU,2020-01-06 10:30:27,67.55,63.78,8.56,93,100,19.3,light snow,0.0,0.44
344,Ponta Delgada,PT,2020-01-06 10:30:27,37.73,-25.67,64.4,93,75,10.29,broken clouds,0.0,0.0
345,Zilupe,RU,2020-01-06 10:30:27,56.39,28.12,31.42,90,100,8.77,light snow,0.0,0.63
346,Pachperwa,IN,2020-01-06 10:30:27,27.52,82.65,60.58,54,48,3.67,scattered clouds,0.0,0.0
347,Santiago Del Estero,AR,2020-01-06 10:28:52,-27.8,-64.26,63.66,82,87,16.62,moderate rain,6.81,0.0
348,Den Helder,NL,2020-01-06 10:30:28,52.96,4.76,45.0,81,90,17.22,overcast clouds,0.0,0.0
349,Kavieng,PG,2020-01-06 10:30:29,-2.57,150.8,85.12,75,55,9.84,broken clouds,0.0,0.0
350,Esperance,AU,2020-01-06 10:30:29,-33.86,121.89,87.8,25,0,11.41,clear sky,0.0,0.0
351,Irece,BR,2020-01-06 10:26:22,-11.3,-41.86,69.01,93,95,2.24,overcast clouds,0.0,0.0
352,Muyezerskiy,RU,2020-01-06 10:30:29,63.93,31.65,28.02,94,98,11.18,light snow,0.0,0.38
353,Manaus,BR,2020-01-06 10:30:27,-3.13,-59.98,78.8,74,51,4.7,broken clouds,0.0,0.0
354,Koprivnica,HR,2020-01-06 10:30:30,46.16,16.83,39.99,74,0,1.12,clear sky,0.0,0.0
355,Dargaville,NZ,2020-01-06 10:30:30,-35.94,173.86,59.49,65,99,13.89,overcast clouds,0.0,0.0
356,Harwich,US,2020-01-06 10:30:30,41.69,-70.08,30.99,68,20,3.36,few clouds,0.0,0.0
357,Faanui,PF,2020-01-06 10:30:30,-16.48,-151.75,81.09,78,27,14.32,light rain,0.5,0.0
358,Bumba,CD,2020-01-06 10:30:31,2.18,22.47,94.71,32,100,3.0,overcast clouds,0.0,0.0
359,Sanaur,IN,2020-01-06 10:30:31,30.3,76.46,50.16,86,100,10.71,light rain,1.69,0.0
360,Aripuana,BR,2020-01-06 10:30:31,-9.17,-60.63,74.59,97,100,0.67,light rain,0.25,0.0
361,Port Augusta,AU,2020-01-06 10:30:31,-32.49,137.76,71.01,64,13,19.46,few clouds,0.0,0.0
362,Pandan Niog,PH,2020-01-06 10:30:32,6.23,120.56,81.86,74,33,5.28,scattered clouds,0.0,0.0
363,Chara,GR,2020-01-06 10:30:32,39.42,22.43,46.4,42,40,13.87,scattered clouds,0.0,0.0
364,Miquelon,PM,2020-01-06 10:30:32,47.1,-56.38,26.6,100,90,26.4,snow,0.0,0.0
365,Numan,NG,2020-01-06 10:30:32,9.46,12.04,89.1,15,93,5.84,overcast clouds,0.0,0.0
366,Dillon,US,2020-01-06 10:30:32,45.22,-112.64,21.2,67,20,14.99,few clouds,0.0,0.0
367,Mehamn,NO,2020-01-06 10:30:33,71.03,27.85,24.8,78,95,20.8,overcast clouds,0.0,0.0
368,Cukai,MY,2020-01-06 10:30:33,4.25,103.42,80.6,83,40,6.93,scattered clouds,0.0,0.0
369,Huesca,ES,2020-01-06 10:30:33,42.14,-0.41,46.99,100,75,3.36,fog,0.0,0.0
370,Rozkishne,UA,2020-01-06 10:30:33,48.5,37.59,34.34,74,95,9.86,overcast clouds,0.0,0.0
371,Paamiut,GL,2020-01-06 10:30:34,61.99,-49.67,6.62,75,100,17.81,light snow,0.0,0.44
372,Chateaudun,FR,2020-01-06 10:30:34,48.08,1.33,37.99,93,10,4.7,clear sky,0.0,0.0
373,Coquimbo,CL,2020-01-06 10:30:34,-29.95,-71.34,59.0,77,1,11.41,clear sky,0.0,0.0
374,Port Moresby,PG,2020-01-06 10:30:34,-9.47,147.16,86.0,74,40,9.17,scattered clouds,0.0,0.0
375,Otradnoye,RU,2020-01-06 10:30:35,59.77,30.8,30.99,86,90,13.42,overcast clouds,0.0,0.0
376,Kamina,CD,2020-01-06 10:30:35,-8.74,25.0,77.49,77,58,3.53,moderate rain,5.81,0.0
377,Praia Da Vitoria,PT,2020-01-06 10:30:35,38.73,-27.07,62.6,88,40,20.15,scattered clouds,0.0,0.0
378,Port Blair,IN,2020-01-06 10:30:35,11.67,92.75,86.0,66,20,12.75,few clouds,0.0,0.0
379,Cairns,AU,2020-01-06 10:28:16,-16.92,145.77,82.4,74,75,5.82,light intensity shower rain,0.0,0.0
380,Jacareacanga,BR,2020-01-06 10:30:36,-6.22,-57.76,74.77,94,93,2.17,overcast clouds,0.0,0.0
381,Sohag,EG,2020-01-06 10:30:36,26.55,31.7,59.0,33,0,4.7,clear sky,0.0,0.0
382,Sistranda,NO,2020-01-06 10:30:36,63.73,8.83,42.8,87,75,14.99,light rain,0.0,0.0
383,College,US,2020-01-06 10:30:07,64.86,-147.8,-20.0,74,90,1.9,light snow,0.0,0.0
384,Tamiahua,MX,2020-01-06 10:30:37,21.28,-97.45,63.12,74,0,7.11,clear sky,0.0,0.0
385,Rio Grande,BR,2020-01-06 10:26:50,-32.03,-52.1,75.0,88,0,3.0,clear sky,0.0,0.0
386,Onojo,JP,2020-01-06 10:30:37,33.54,130.48,52.0,81,75,11.41,light rain,0.0,0.0
387,Redding,US,2020-01-06 10:26:00,40.59,-122.39,39.2,86,1,5.82,clear sky,0.0,0.0
388,Swan River,CA,2020-01-06 10:30:38,52.11,-101.27,16.97,84,42,12.84,scattered clouds,0.0,0.0
389,Mitchell,US,2020-01-06 10:30:38,43.71,-98.03,24.8,79,1,9.17,clear sky,0.0,0.0
390,Selfoss,IS,2020-01-06 10:30:38,63.94,-21.0,41.0,94,90,24.16,drizzle,0.0,0.0
391,Kieta,PG,2020-01-06 10:30:38,-6.22,155.63,82.96,78,91,6.04,light rain,1.56,0.0
392,Bantogon,PH,2020-01-06 10:30:39,6.53,124.03,80.73,73,73,2.8,broken clouds,0.0,0.0
393,Copiapo,CL,2020-01-06 10:30:39,-27.37,-70.33,62.6,82,3,2.24,clear sky,0.0,0.0
394,Kuching,MY,2020-01-06 10:30:39,1.56,110.34,82.4,83,40,5.82,scattered clouds,0.0,0.0
395,Tshela,CD,2020-01-06 10:30:39,-4.99,12.94,92.12,53,84,0.69,light rain,2.06,0.0
396,Bay City,US,2020-01-06 10:30:39,43.59,-83.89,35.01,80,90,11.41,overcast clouds,0.0,0.0
397,Mokhsogollokh,RU,2020-01-06 10:30:40,61.4,128.95,4.78,97,96,2.77,overcast clouds,0.0,0.0
398,Sungaipenuh,ID,2020-01-06 10:30:40,-2.08,101.38,65.19,97,73,1.63,light rain,1.56,0.0
399,Puerto Colombia,CO,2020-01-06 10:30:40,10.99,-74.96,79.0,83,20,16.11,few clouds,0.0,0.0
400,Mayo,CA,2020-01-06 10:30:40,63.59,-135.9,-27.4,74,75,2.13,broken clouds,0.0,0.0
401,Carora,VE,2020-01-06 10:30:41,10.17,-70.08,68.41,75,8,3.4,clear sky,0.0,0.0
402,Banjar,ID,2020-01-06 10:30:41,-7.37,108.54,76.93,90,100,2.3,light rain,2.0,0.0
403,Aleksandrovsk-Sakhalinskiy,RU,2020-01-06 10:30:41,50.9,142.16,15.8,93,100,12.68,light snow,0.0,0.12
404,Gary,US,2020-01-06 10:30:41,41.6,-87.34,30.99,86,1,8.05,clear sky,0.0,0.0
405,Ocos,GT,2020-01-06 10:30:41,14.51,-92.19,69.8,100,5,2.24,clear sky,0.0,0.0
406,Viseu,PT,2020-01-06 10:30:42,40.66,-7.91,48.99,100,18,3.36,few clouds,0.0,0.0
407,Boende,CD,2020-01-06 10:30:42,-0.28,20.88,95.58,32,47,3.83,scattered clouds,0.0,0.0
408,Marawi,PH,2020-01-06 10:30:42,8.0,124.29,82.0,82,87,1.01,overcast clouds,0.06,0.0
409,Oudtshoorn,ZA,2020-01-06 10:30:43,-33.59,22.2,66.2,93,90,9.17,light intensity drizzle,0.0,0.0
410,Norman Wells,CA,2020-01-06 10:30:43,65.28,-126.83,-41.8,64,5,4.41,clear sky,0.0,0.0
411,Port-Gentil,GA,2020-01-06 10:30:43,-0.72,8.78,86.0,79,40,4.7,thunderstorm,0.0,0.0
412,Kwinana,AU,2020-01-06 10:30:23,-32.25,115.77,87.8,37,0,18.34,clear sky,0.0,0.0
413,Ketchikan,US,2020-01-06 10:30:44,55.34,-131.65,26.6,92,40,3.36,scattered clouds,0.0,0.0
414,Gazli,UZ,2020-01-06 10:30:44,40.13,63.45,38.39,39,25,6.87,scattered clouds,0.0,0.0
415,Dalvik,SE,2020-01-06 10:30:44,57.79,14.13,43.0,100,91,9.17,mist,0.0,0.0
416,Tocopilla,CL,2020-01-06 10:30:44,-22.09,-70.2,62.87,57,0,9.01,clear sky,0.0,0.0
417,Curaca,BR,2020-01-06 10:30:44,-8.99,-39.91,84.06,60,28,12.64,scattered clouds,0.0,0.0
418,Ambilobe,MG,2020-01-06 10:30:45,-13.19,49.05,86.34,65,100,8.48,overcast clouds,0.0,0.0
419,Muisne,EC,2020-01-06 10:30:45,0.61,-80.02,74.79,85,88,0.96,overcast clouds,0.0,0.0
420,Victoria,BN,2020-01-06 10:30:45,5.28,115.24,84.2,83,75,11.41,broken clouds,0.0,0.0
421,Puri,ID,2020-01-06 10:30:45,-7.54,112.45,77.04,90,100,3.94,light rain,1.63,0.0
422,Ferme-Neuve,CA,2020-01-06 10:30:46,46.7,-75.45,13.96,91,98,6.33,light snow,0.0,0.13
423,Abdanan,IR,2020-01-06 10:30:46,32.99,47.42,49.21,44,0,3.69,clear sky,0.0,0.0
424,Bilma,NE,2020-01-06 10:30:46,18.69,12.92,68.18,17,16,6.96,few clouds,0.0,0.0
425,Churapcha,RU,2020-01-06 10:30:46,62.0,132.43,-1.37,96,95,6.02,overcast clouds,0.0,0.0
426,Sikasso,ML,2020-01-06 10:30:47,11.32,-5.68,85.93,10,100,5.68,overcast clouds,0.0,0.0
427,Jumla,NP,2020-01-06 10:30:47,29.28,82.18,35.31,50,98,1.81,light snow,0.0,0.25
428,Miri,NG,2020-01-06 10:30:47,10.31,9.75,85.87,17,22,6.64,few clouds,0.0,0.0
429,Casablanca,MA,2020-01-06 10:30:47,33.6,-7.62,55.99,76,34,4.7,scattered clouds,0.0,0.0
430,Bereda,ES,2020-01-06 10:30:48,43.27,-7.54,48.99,93,75,6.93,broken clouds,0.0,0.0
431,Qaqortoq,GL,2020-01-06 10:30:48,60.72,-46.03,8.6,46,38,16.11,scattered clouds,0.0,0.0
432,Itoman,JP,2020-01-06 10:26:31,26.12,127.67,69.8,60,75,6.93,broken clouds,0.0,0.0
433,Vigrestad,NO,2020-01-06 10:30:48,58.57,5.7,46.4,100,90,13.87,light intensity drizzle,0.0,0.0
434,Matadi,CD,2020-01-06 10:30:49,-5.83,13.46,89.22,57,72,3.91,broken clouds,0.0,0.0
435,Pak Kret,TH,2020-01-06 10:30:49,13.91,100.5,91.4,41,20,5.82,few clouds,0.0,0.0
436,Semenivka,UA,2020-01-06 10:30:50,52.18,32.58,29.43,70,24,4.65,few clouds,0.0,0.0
437,Kloulklubed,PW,2020-01-06 10:30:52,7.04,134.26,82.4,78,90,11.41,overcast clouds,0.0,0.0
438,Vardo,US,2020-01-06 10:30:52,39.62,-77.74,39.99,59,90,4.7,overcast clouds,0.0,0.0
439,Nome,US,2020-01-06 10:30:52,30.04,-94.42,57.0,100,1,4.88,mist,0.0,0.0
440,Usinsk,RU,2020-01-06 10:30:52,66.0,57.56,8.08,95,100,13.65,overcast clouds,0.0,0.0
441,Huaihua,CN,2020-01-06 10:30:53,27.56,109.96,58.37,91,100,2.95,overcast clouds,0.0,0.0
442,Cam Ranh,VN,2020-01-06 10:30:53,11.92,109.15,78.8,94,40,17.22,scattered clouds,0.0,0.0
443,Ust-Tsilma,RU,2020-01-06 10:30:53,65.44,52.15,13.68,93,97,6.87,overcast clouds,0.0,0.0
444,Itambacuri,BR,2020-01-06 10:30:54,-18.04,-41.68,77.52,81,67,6.53,light rain,0.31,0.0
445,Alice Springs,AU,2020-01-06 10:30:54,-23.7,133.88,77.0,44,40,8.05,scattered clouds,0.0,0.0
446,Ayagoz,KZ,2020-01-06 10:30:54,47.96,80.43,6.58,85,0,4.81,clear sky,0.0,0.0
447,Trairi,BR,2020-01-06 10:30:54,-3.28,-39.27,83.08,68,41,6.02,light rain,0.44,0.0
448,Uithoorn,NL,2020-01-06 10:30:55,52.24,4.83,44.01,87,75,13.87,broken clouds,0.0,0.0
449,Hobyo,SO,2020-01-06 10:30:55,5.35,48.53,85.5,60,71,15.5,broken clouds,0.0,0.0
450,Brigantine,US,2020-01-06 10:30:55,39.41,-74.36,37.99,64,90,5.82,overcast clouds,0.0,0.0
451,Praia,BR,2020-01-06 10:30:55,-20.25,-43.81,71.6,94,90,4.7,light rain,0.0,0.0
452,Jutai,BR,2020-01-06 10:30:55,-1.71,-47.89,79.52,86,58,2.15,light rain,0.38,0.0
453,Parana,BR,2020-01-06 10:30:56,-7.52,-72.89,73.65,75,4,3.29,clear sky,0.0,0.0
454,Rayadrug,IN,2020-01-06 10:30:56,14.7,76.87,80.55,58,92,14.67,overcast clouds,0.0,0.0
455,Sauda,NO,2020-01-06 10:30:56,59.65,6.35,48.0,100,75,17.22,broken clouds,0.0,0.0
456,Zhaoqing,CN,2020-01-06 10:30:56,23.05,112.47,75.0,69,67,7.56,broken clouds,0.0,0.0
457,Ostersund,SE,2020-01-06 10:30:56,63.18,14.64,37.4,74,100,10.29,very heavy rain,0.0,0.0
458,Martaban,MM,2020-01-06 10:30:57,16.53,97.61,80.13,59,0,5.61,clear sky,0.0,0.0
459,Orangeburg,US,2020-01-06 10:27:00,33.49,-80.86,42.8,60,1,8.05,clear sky,0.0,0.0
460,Hare Bay,CA,2020-01-06 10:30:57,48.86,-53.99,26.6,92,90,23.04,light snow,0.0,0.0
461,Chumikan,RU,2020-01-06 10:30:57,54.72,135.31,-0.42,84,62,3.69,broken clouds,0.0,0.0
462,Taonan,CN,2020-01-06 10:30:58,45.34,122.78,15.01,94,98,9.75,light snow,0.0,0.56
463,Hofn,IS,2020-01-06 10:30:58,64.25,-15.21,39.2,93,90,6.93,light intensity shower rain,0.0,0.0
464,Piranhas,BR,2020-01-06 10:30:58,-16.43,-51.82,69.73,97,99,4.99,light rain,0.13,0.0
465,Bara,NG,2020-01-06 10:30:58,10.41,10.6,86.59,18,15,7.63,few clouds,0.0,0.0
466,Clarksdale,US,2020-01-06 10:30:58,34.2,-90.57,43.0,100,0,8.05,clear sky,0.0,0.0
467,Gat,SN,2020-01-06 10:30:59,14.69,-16.54,69.8,26,13,6.93,few clouds,0.0,0.0
468,Honningsvag,NO,2020-01-06 10:30:59,70.98,25.97,24.8,85,40,21.92,scattered clouds,0.0,0.0
469,Jining,CN,2020-01-06 10:30:59,35.41,116.58,41.52,84,100,9.75,light rain,1.19,0.0
470,Zhob,PK,2020-01-06 10:30:59,31.34,69.45,39.92,89,100,4.63,overcast clouds,0.0,0.0
471,Preobrazheniye,RU,2020-01-06 10:31:00,42.9,133.91,24.84,56,100,2.98,overcast clouds,0.0,0.0
472,Taseyevo,RU,2020-01-06 10:31:00,57.22,94.9,18.43,92,83,3.44,broken clouds,0.0,0.0
473,Laguna,BZ,2020-01-06 10:31:00,16.17,-88.94,67.62,78,96,3.62,overcast clouds,0.0,0.0
474,Zhangye,CN,2020-01-06 10:31:00,38.94,100.46,24.12,51,100,1.99,overcast clouds,0.0,0.0
475,Nyurba,RU,2020-01-06 10:31:01,63.29,118.35,11.91,92,100,8.46,light snow,0.0,0.19
476,Santa Maria,BR,2020-01-06 10:31:01,-16.02,-48.01,71.6,88,75,8.05,light intensity drizzle,0.0,0.0
477,Zhigansk,RU,2020-01-06 10:31:02,66.77,123.37,-5.19,96,100,22.88,light snow,0.0,0.31
478,Sambava,MG,2020-01-06 10:31:02,-14.27,50.17,82.02,88,51,3.13,moderate rain,3.19,0.0
479,Bintulu,MY,2020-01-06 10:31:02,3.17,113.03,82.4,88,75,6.93,thunderstorm,0.0,0.0
480,Oistins,BB,2020-01-06 10:26:09,13.07,-59.53,78.8,74,40,17.22,shower rain,0.0,0.0
481,Mandalgovi,MN,2020-01-06 10:31:02,45.76,106.27,7.12,81,31,2.46,scattered clouds,0.0,0.0
482,Galesong,ID,2020-01-06 10:31:03,-5.32,119.37,78.8,94,75,9.17,light rain,0.0,0.0
483,Were Ilu,ET,2020-01-06 10:31:03,10.6,39.43,69.42,41,49,8.52,light rain,0.31,0.0
484,Guiratinga,BR,2020-01-06 10:31:03,-16.35,-53.76,77.67,81,67,5.44,broken clouds,0.0,0.0
485,Nabire,ID,2020-01-06 10:31:03,-3.36,135.5,75.51,97,100,0.81,moderate rain,3.56,0.0
486,Dingle,PH,2020-01-06 10:31:04,11.0,122.67,73.99,93,41,11.21,light rain,0.25,0.0
487,Libertador General San Martin,AR,2020-01-06 10:31:04,-23.81,-64.79,78.04,56,38,7.16,scattered clouds,0.0,0.0
488,Qiyang,CN,2020-01-06 10:31:04,26.59,111.85,70.05,65,41,3.4,scattered clouds,0.0,0.0
489,Nouakchott,MR,2020-01-06 10:31:04,18.08,-15.98,62.6,21,40,14.99,scattered clouds,0.0,0.0
490,Ambunti,PG,2020-01-06 10:31:05,-4.22,142.82,76.57,95,100,2.08,overcast clouds,0.0,0.0
491,Chipinge,ZW,2020-01-06 10:31:05,-20.19,32.62,93.52,22,1,10.29,clear sky,0.0,0.0
492,Ulaanbaatar,MN,2020-01-06 10:31:05,47.92,106.92,-7.6,76,0,2.24,clear sky,0.0,0.0
493,Requena,ES,2020-01-06 10:31:05,39.49,-1.1,57.0,66,0,5.82,clear sky,0.0,0.0
494,Hamilton,CA,2020-01-06 10:27:33,43.26,-79.87,37.0,80,90,16.11,moderate rain,0.0,0.0
495,Nantucket,US,2020-01-06 10:31:06,41.28,-70.1,30.99,68,20,4.7,few clouds,0.0,0.0
496,Chabahar,IR,2020-01-06 10:31:06,25.29,60.65,76.33,61,49,14.45,light rain,0.88,0.0
497,Morro Bay,US,2020-01-06 10:31:06,35.37,-120.85,55.99,57,1,8.77,clear sky,0.0,0.0
498,Marsa Matruh,EG,2020-01-06 10:31:07,31.35,27.25,51.8,81,75,17.22,broken clouds,0.0,0.0
499,Gomoh,IN,2020-01-06 10:31:07,23.87,86.16,63.79,45,0,5.03,clear sky,0.0,0.0
500,Wanlaweyn,SO,2020-01-06 10:31:07,2.62,44.89,98.64,30,7,11.25,clear sky,0.0,0.0
501,Rio Gallegos,AR,2020-01-06 10:31:07,-51.62,-69.22,48.2,70,75,9.17,broken clouds,0.0,0.0
502,Erzin,TR,2020-01-06 10:31:07,36.95,36.2,46.99,100,75,10.29,light intensity shower rain,0.0,0.0
503,Itupiranga,BR,2020-01-06 10:31:08,-5.13,-49.33,73.4,100,75,3.36,light rain,0.0,0.0
504,Lebowakgomo,ZA,2020-01-06 10:31:08,-24.3,29.54,84.2,47,12,8.05,few clouds,0.0,0.0
505,La Tuque,CA,2020-01-06 10:31:08,47.44,-72.79,1.13,95,94,1.72,overcast clouds,0.0,0.0
506,Tura,RU,2020-01-06 10:31:08,64.27,100.22,15.94,89,100,7.45,overcast clouds,0.0,0.0
507,Wajir,KE,2020-01-06 10:31:08,1.75,40.07,91.4,52,40,3.36,scattered clouds,0.0,0.0
508,Outlook,CA,2020-01-06 10:31:09,51.48,-107.04,23.0,76,18,15.01,few clouds,0.0,0.0
509,Srandakan,ID,2020-01-06 10:31:09,-7.94,110.25,78.42,83,100,3.69,light rain,0.19,0.0
510,Vila Velha,BR,2020-01-06 10:31:09,-3.71,-38.6,86.0,74,40,6.93,scattered clouds,0.0,0.0
511,Batagay-Alyta,RU,2020-01-06 10:31:09,67.8,130.41,-23.55,78,0,4.81,clear sky,0.0,0.0
512,Tsabong,BW,2020-01-06 10:31:09,-26.02,22.4,96.6,17,99,13.56,overcast clouds,0.0,0.0
513,Kostryzhivka,UA,2020-01-06 10:31:10,48.65,25.71,30.99,72,83,5.99,broken clouds,0.0,0.0
514,Avera,US,2020-01-06 10:31:10,33.19,-82.53,46.0,77,1,6.93,clear sky,0.0,0.0
515,Luancheng,CN,2020-01-06 10:31:10,37.88,114.65,32.0,64,92,2.89,mist,0.0,0.0
516,Mackay,CA,2020-01-06 10:31:10,53.65,-115.58,19.4,57,40,2.24,scattered clouds,0.0,0.0
517,Goure,NE,2020-01-06 10:31:11,13.98,10.27,70.0,20,40,11.99,scattered clouds,0.0,0.0
518,Srednekolymsk,RU,2020-01-06 10:31:11,67.46,153.71,-15.95,88,33,1.86,scattered clouds,0.0,0.0
519,Chibuto,MZ,2020-01-06 10:31:11,-24.69,33.53,98.62,28,33,5.7,scattered clouds,0.0,0.0
520,Aklavik,CA,2020-01-06 10:31:11,68.22,-135.01,-22.0,74,75,3.36,light snow,0.0,0.0
521,Tautira,PF,2020-01-06 10:31:12,-17.73,-149.15,78.8,78,40,4.7,scattered clouds,0.0,0.0
522,Padang,ID,2020-01-06 10:31:12,-0.92,100.36,70.81,95,15,0.85,light rain,0.56,0.0
523,Karagay,RU,2020-01-06 10:31:12,58.27,54.93,15.73,93,81,4.29,broken clouds,0.0,0.0
524,Road Town,VG,2020-01-06 10:28:46,18.42,-64.62,75.2,83,90,8.57,light rain,0.0,0.0
525,Luanda,AO,2020-01-06 10:31:13,-8.83,13.24,91.4,55,75,8.05,broken clouds,0.0,0.0
526,Lata,IN,2020-01-06 10:31:13,30.78,78.62,19.06,97,100,1.97,snow,0.0,3.87
527,Khandyga,RU,2020-01-06 10:31:13,62.65,135.58,-2.69,98,100,2.15,light snow,0.0,0.19
528,Fez,MA,2020-01-06 10:31:14,34.03,-5.02,51.8,66,89,5.82,overcast clouds,0.0,0.0
529,Boyolangu,ID,2020-01-06 10:31:14,-8.09,111.9,76.37,92,100,4.85,moderate rain,3.19,0.0
530,Dana Point,US,2020-01-06 10:28:59,33.47,-117.7,62.6,28,1,10.78,clear sky,0.0,0.0
531,Caravelas,BR,2020-01-06 10:31:14,-17.73,-39.27,81.57,83,100,9.53,light rain,0.12,0.0
532,Kisanga,CD,2020-01-06 10:31:15,-11.72,27.4,74.32,87,93,3.62,light rain,2.88,0.0
533,Kununurra,AU,2020-01-06 10:31:15,-15.77,128.74,78.8,94,40,3.36,scattered clouds,0.0,0.0
534,Linden,GY,2020-01-06 10:31:15,6.01,-58.31,64.4,100,40,2.24,scattered clouds,0.0,0.0
535,Amarante,PT,2020-01-06 10:31:15,41.27,-8.08,46.99,81,33,12.75,scattered clouds,0.0,0.0
536,Zyryanovsk,KZ,2020-01-06 10:31:15,49.74,84.27,9.77,62,20,1.54,few clouds,0.0,0.0
537,Seoul,KR,2020-01-06 10:31:16,37.57,126.98,39.2,86,90,3.36,light rain,0.0,0.0
538,Jaguariaiva,BR,2020-01-06 10:31:16,-24.25,-49.71,69.01,99,8,1.01,clear sky,0.0,0.0
539,North Bend,US,2020-01-06 10:31:16,43.41,-124.22,48.99,87,90,9.17,light rain,0.0,0.0
540,Eydhafushi,MV,2020-01-06 10:29:15,5.1,73.07,82.81,78,99,11.3,overcast clouds,0.0,0.0
541,Mana,NG,2020-01-06 10:31:17,13.03,5.27,83.86,16,81,14.94,broken clouds,0.0,0.0
542,Pamanukan,ID,2020-01-06 10:31:17,-6.28,107.82,79.63,83,97,6.2,light rain,0.69,0.0
543,Rock Sound,BS,2020-01-06 10:31:17,24.9,-76.2,69.66,67,96,16.58,overcast clouds,0.0,0.0
544,North Branch,US,2020-01-06 10:31:17,45.51,-92.98,25.0,73,1,9.17,clear sky,0.0,0.0
545,Bodinayakkanur,IN,2020-01-06 10:31:18,10.01,77.35,79.41,68,17,4.74,few clouds,0.0,0.0
546,Nishihara,JP,2020-01-06 10:31:18,35.74,139.53,53.01,52,90,4.7,overcast clouds,0.0,0.0
547,Yerbogachen,RU,2020-01-06 10:31:18,61.28,108.01,16.59,91,100,13.67,light snow,0.0,0.13
548,Belinskiy,RU,2020-01-06 10:31:18,52.97,43.41,23.2,95,90,5.19,overcast clouds,0.0,0.0
549,Waldoboro,US,2020-01-06 10:31:19,44.1,-69.38,19.0,67,1,5.82,clear sky,0.0,0.0
550,San Roque,CO,2020-01-06 10:31:19,6.49,-75.02,53.6,100,90,3.36,mist,0.0,0.0
551,Buraydah,SA,2020-01-06 10:31:19,26.33,43.97,62.6,39,0,9.17,clear sky,0.0,0.0
552,Fajardo,CU,2020-01-06 10:31:19,22.83,-82.45,59.0,93,40,1.12,scattered clouds,0.0,0.0
553,Sotnikovskoye,RU,2020-01-06 10:31:19,45.0,43.79,39.76,78,100,9.91,overcast clouds,0.0,0.0
554,Smoky Lake,CA,2020-01-06 10:31:20,54.11,-112.47,23.0,71,17,5.01,few clouds,0.0,0.0
555,Carupano,VE,2020-01-06 10:31:20,10.67,-63.26,70.43,96,3,1.74,clear sky,0.0,0.0
556,Grenfell,AU,2020-01-06 10:31:20,-33.9,148.16,72.0,71,99,13.89,light rain,0.31,0.0
557,Ust-Ilimsk,RU,2020-01-06 10:31:20,57.96,102.73,17.98,95,93,6.96,overcast clouds,0.0,0.0
558,Nemuro,JP,2020-01-06 10:31:21,43.32,145.57,28.4,63,75,16.11,light shower snow,0.0,0.0
559,Guaxupe,BR,2020-01-06 10:31:21,-21.31,-46.71,73.4,80,1,5.37,clear sky,0.0,0.0
560,Karpathos,GR,2020-01-06 10:31:21,35.51,27.21,55.4,62,75,25.28,light rain,0.0,0.0
561,Chiang Klang,TH,2020-01-06 10:31:21,19.29,100.86,89.6,46,20,2.24,few clouds,0.0,0.0
562,Bowen,AU,2020-01-06 10:31:21,-20.01,148.25,79.0,88,90,6.93,overcast clouds,0.0,0.0
563,Neyshabur,IR,2020-01-06 10:31:22,36.21,58.79,42.53,42,1,8.25,clear sky,0.0,0.0
564,Champerico,MX,2020-01-06 10:31:22,16.38,-93.6,58.39,89,84,2.64,broken clouds,0.0,0.0
565,Iznik,TR,2020-01-06 10:31:22,40.43,29.72,42.8,93,75,3.36,light intensity shower rain,0.0,0.0
566,Pangkalanbuun,ID,2020-01-06 10:31:22,-2.68,111.62,77.2,95,93,2.57,light rain,1.81,0.0
567,Aykhal,RU,2020-01-06 10:31:22,65.95,111.51,6.8,84,100,6.71,overcast clouds,0.0,0.0
568,Takestan,IR,2020-01-06 10:31:23,36.07,49.69,46.4,49,40,6.93,scattered clouds,0.0,0.0
